StockCode,UnitPrice
10002,0.85
10080,0.39
10120,0.21
10123C,0.65
10124A,0.42
10124G,0.42
10125,0.85
10133,0.42
10135,1.25
11001,3.29
15030,0.29
15034,0.14
15036,0.83
15039,0.85
15044A,5.79
15044B,2.95
15044C,2.95
15044D,2.95
15056BL,5.95
15056N,5.95
15056P,5.95
15058A,7.95
15058B,7.95
15058C,7.95
15060B,2.95
16008,0.12
16010,0.12
16011,0.21
16012,0.21
16014,0.42
16015,0.5
16016,0.85
16020C,0.85
16033,0.12
16043,0.12
16045,0.04
16046,0.85
16048,0.12
16049,0.12
16052,0.19
16054,0.12
16151A,1.25
16156L,0.42
16156S,0.42
16161G,0.1
16161M,0.42
16161P,0.42
16161U,0.42
16162L,0.65
16162M,0.42
16168M,0.42
16169E,0.42
16169K,0.42
16169M,0.42
16169N,0.42
16169P,0.42
16202A,0.5
16202B,0.5
16202E,0.5
16206B,1.25
16207A,2.95
16207B,2.46
16216,0.06
16218,0.06
16219,0.06
16225,0.39
16235,0.21
16236,0.21
16237,0.21
16238,0.21
16244B,1.95
16248B,1.25
16254,0.85
16258A,0.19
16259,0.08
17001,0.29
17003,0.39
17007B,2.1
17011F,0.65
17012A,0.85
17012B,0.85
17012C,0.85
17012D,0.85
17012E,0.5
17012F,0.85
17013D,0.42
17014A,0.42
17021,0.3
17028J,0.42
17038,0.1
17084A,0.21
17084J,0.21
17084N,0.21
17084P,0.21
17084R,0.21
17090A,1.25
17090D,1.25
17091A,0.38
17091J,0.38
17096,0.17
17107D,2.55
17109D,0.38
17129F,1.63
17136A,0.08
17164B,0.42
17165D,1.05
17174,0.42
17191A,3.75
18007,0.06
18094C,1.25
18097A,2.55
18097C,2.55
18098C,2.95
20615,0.75
20616,0.75
20617,2.1
20618,2.1
20619,4.13
20622,2.1
20652,1.25
20653,2.46
20654,1.25
20655,1.25
20657,1.25
20658,1.25
20659,1.25
20661,5.79
20662,5.79
20663,5.79
20664,2.95
20665,2.95
20666,2.95
20667,2.95
20668,0.12
20669,1.25
20670,2.95
20671,1.25
20674,1.25
20675,1.25
20676,1.25
20677,1.25
20678,1.65
20679,5.95
20681,3.25
20682,3.25
20684,3.25
20685,7.08
20686,3.25
20694,3.75
20695,4.25
20696,3.75
20697,2.55
20698,2.55
20699,2.55
20700,3.75
20701,3.75
20702,4.25
20703,4.25
20704,1.95
20705,1.95
20707,2.46
20711,2.08
20712,2.08
20713,1.79
20716,1.25
20717,1.25
20718,1.25
20719,0.85
20723,0.85
20724,0.85
20725,1.45
20726,1.65
20727,1.65
20728,1.65
20731,1.25
20733,0.85
20735,0.85
20748,12.75
20749,6.35
20750,7.95
20751,2.1
20752,2.1
20754,2.1
20755,0.85
20756,0.85
20757,0.85
20758,0.85
20759,0.85
20760,0.85
20761,3.75
20762,3.75
20763,3.75
20764,3.75
20765,7.46
20766,3.75
20767,2.55
20768,2.55
20769,2.55
20770,2.55
20771,2.55
20772,2.55
20773,1.65
20774,1.65
20775,1.65
20777,1.65
20778,1.65
20780,5.49
20781,1.95
20782,1.95
20785,39.95
20793,6.75
20794,2.55
20795,2.1
20796,1.65
20798,2.1
20801,0.79
20802,1.65
20803,0.39
20816,1.95
20818,1.25
20819,3.75
20820,4.95
20821,4.95
20823,0.79
20826,0.39
20827,0.39
20828,2.55
20829,2.1
20830,2.1
20831,0.79
20832,0.72
20835,0.83
20836,0.83
20837,0.83
20838,0.85
20839,0.85
20840,0.85
20845,6.35
20846,1.25
20847,3.75
20848,2.95
20851,5.95
20854,1.65
20856,1.65
20857,1.65
20861,2.1
20866,1.25
20867,1.25
20868,0.39
20869,0.39
20878,1.25
20886,1.95
20892,12.75
20893,2.1
20894,2.95
20897,2.55
20898,2.95
20901,6.35
20902,6.35
20903,6.35
20906,2.95
20910,6.35
20914,2.95
20931,1.25
20932,1.25
20933,2.95
20934,5.45
20935,2.95
20936,1.25
20941,1.25
20956,1.25
20961,1.25
20963,1.25
20964,2.55
20966,1.25
20967,3.75
20969,3.75
20970,3.75
20971,1.06
20972,1.25
20973,0.65
20974,0.65
20975,0.65
20977,1.25
20978,1.25
20979,1.25
20980,1.25
20981,0.85
20982,0.85
20983,0.85
20984,0.29
20985,1.25
20986,1.25
20992,0.39
20996,0.19
20997,4.95
20998,2.55
21000,4.25
21001,5.95
21002,4.25
21003,6.35
21011,1.45
21012,2.1
21014,0.29
21015,0.29
21018,0.85
21025,2.46
21026,1.25
21027,1.25
21028,2.46
21030,1.25
21031,1.25
21032,1.25
21033,2.08
21034,0.95
21035,3.25
21038,0.79
21039,2.55
21040,0.79
21041,2.95
21042,5.95
21043,1.95
21051,2.1
21054,8.95
21055,8.95
21056,16.63
21058,0.85
21059,0.85
21060,0.85
21061,0.85
21062,0.85
21063,1.63
21064,1.25
21065,1.25
21066,1.25
21067,1.25
21068,1.25
21069,1.06
21070,2.46
21071,1.25
21078,0.85
21080,0.85
21084,0.19
21086,0.65
21087,0.19
21088,0.19
21089,0.19
21090,0.39
21094,0.85
21095,0.85
21096,0.39
21098,1.25
21100,1.65
21106,2.55
21107,2.55
21108,0.79
21109,1.95
21110,6.75
21111,1.25
21112,2.95
21114,1.25
21115,1.95
21116,8.29
21117,1.25
21121,1.25
21122,1.25
21123,1.25
21124,1.25
21125,1.25
21126,1.25
21128,1.95
21129,5.95
21131,1.25
21132,1.25
21135,1.69
21136,1.69
21137,3.39
21143,1.95
21145,1.25
21147,2.46
21154,1.25
21155,2.55
21156,1.65
21157,2.1
21158,0.39
21159,0.39
21161,1.45
21162,0.39
21163,0.39
21164,2.95
21165,1.69
21166,2.08
21167,0.21
21169,1.69
21171,1.45
21172,1.45
21174,2.08
21175,2.08
21179,0.39
21181,1.85
21187,1.65
21188,2.55
21189,1.65
21190,1.65
21191,2.1
21192,1.65
21194,0.65
21195,1.69
21196,1.65
21197,1.65
21198,1.65
21199,1.65
21200,1.65
21201,2.55
21202,1.65
21204,1.65
21205,2.55
21206,1.65
21207,1.65
21208,0.39
21209,0.39
21210,1.45
21211,1.45
21212,0.55
21213,0.55
21215,0.55
21216,4.25
21217,8.95
21218,3.75
21219,1.25
21220,1.25
21221,1.25
21222,1.25
21224,1.25
21226,1.25
21228,1.25
21231,1.25
21232,1.25
21238,0.85
21239,0.85
21240,0.85
21242,1.45
21243,1.69
21244,1.69
21245,1.45
21246,4.95
21248,1.45
21249,2.95
21250,2.95
21251,2.95
21253,0.79
21257,7.95
21258,12.75
21259,5.95
21260,3.25
21261,2.95
21262,2.95
21263,1.95
21264,1.95
21265,1.95
21268,0.42
21269,8.5
21270,12.75
21272,1.25
21275,16.95
21277,18.95
21278,2.55
21279,2.55
21280,2.55
21281,2.55
21284,0.39
21285,0.39
21286,0.59
21287,0.38
21288,2.95
21289,1.25
21291,0.85
21292,0.19
21293,4.13
21294,0.39
21306,0.29
21307,0.29
21310,29.95
21311,0.29
21313,0.85
21314,1.85
21316,0.79
21317,5.45
21318,0.39
21319,0.39
21320,0.79
21324,2.95
21326,0.55
21327,1.65
21328,1.65
21329,1.65
21331,12.75
21332,3.95
21333,2.95
21336,2.95
21340,12.75
21344,9.95
21348,2.55
21349,6.75
21351,6.75
21352,2.95
21354,1.05
21355,1.25
21356,0.83
21357,1.25
21358,1.25
21359,3.95
21360,3.95
21361,12.75
21363,4.95
21364,6.75
21365,0.75
21366,4.25
21367,4.96
21368,0.75
21369,1.25
21370,1.65
21371,0.75
21372,5.79
21373,0.75
21374,1.25
21375,1.25
21376,1.25
21377,0.39
21378,0.39
21379,0.39
21380,2.95
21381,1.69
21382,0.75
21383,0.65
21385,0.85
21386,0.19
21389,0.85
21390,1.25
21391,0.75
21392,0.39
21393,0.39
21394,0.39
21395,0.39
21397,0.39
21398,0.39
21399,0.39
21400,0.12
21401,0.12
21402,0.12
21403,0.12
21407,4.25
21408,1.95
21411,1.95
21413,1.25
21414,2.1
21415,0.79
21416,3.75
21417,0.79
21418,0.79
21420,0.79
21421,1.25
21422,1.63
21424,2.95
21425,2.95
21426,2.1
21427,2.1
21428,4.25
21429,1.95
21430,3.75
21439,1.25
21441,0.19
21442,0.19
21445,1.25
21446,1.25
21447,1.25
21448,1.65
21452,2.95
21454,0.85
21455,0.85
21456,1.25
21457,1.25
21458,1.25
21459,1.95
21460,1.95
21461,1.95
21462,1.95
21463,5.95
21464,4.25
21465,3.75
21466,3.75
21467,3.75
21468,3.75
21469,3.75
21470,3.75
21471,3.75
21472,3.75
21473,19.95
21476,14.95
21479,4.25
21481,3.75
21484,4.25
21485,4.95
21486,3.75
21488,3.95
21494,1.25
21495,0.42
21497,0.42
21498,0.42
21499,0.42
21500,0.42
21503,0.42
21504,0.42
21506,0.42
21507,0.42
21508,0.42
21509,0.42
21518,0.36
21519,0.42
21520,0.42
21523,7.08
21524,8.25
21527,7.95
21528,6.95
21530,0.79
21531,2.55
21533,4.95
21534,4.95
21535,2.55
21537,4.25
21538,3.75
21539,4.95
21544,0.85
21547,2.95
21555,2.55
21556,2.55
21557,2.95
21558,2.55
21559,2.55
21561,2.55
21562,1.25
21563,0.79
21564,0.79
21576,2.25
21577,2.25
21578,2.25
21579,2.25
21580,2.25
21581,2.25
21584,1.65
21586,2.1
21587,2.55
21588,2.55
21591,1.25
21592,0.39
21609,2.95
21613,2.95
21614,2.95
21615,3.75
21616,3.75
21617,1.25
21618,1.25
21619,1.25
21620,1.25
21621,8.5
21622,4.95
21623,9.95
21624,5.95
21625,6.95
21626,1.95
21627,14.95
21628,14.95
21629,7.95
21630,8.95
21631,12.75
21632,3.95
21633,12.75
21634,0.39
21635,1.25
21636,0.75
21637,1.25
21638,2.1
21640,0.85
21641,0.29
21642,0.29
21643,1.06
21644,1.25
21647,2.1
21648,1.25
21650,0.19
21651,1.65
21654,0.39
21655,1.69
21656,1.45
21657,6.95
21658,3.95
21661,5.95
21662,5.95
21664,3.75
21666,0.65
21667,14.95
21668,1.45
21669,1.45
21670,1.45
21671,1.25
21672,1.45
21673,1.45
21675,1.63
21676,0.85
21677,0.85
21678,0.85
21679,0.85
21680,0.85
21681,9.95
21682,4.95
21683,2.95
21684,0.85
21686,39.95
21688,2.95
21689,3.75
21690,3.75
21692,3.75
21693,2.95
21694,2.95
21695,2.95
21696,2.95
21698,0.39
21700,0.85
21703,0.42
21704,0.85
21705,0.39
21706,4.95
21707,4.95
21708,4.95
21709,4.95
21710,4.95
21711,4.95
21713,2.1
21714,1.25
21715,2.55
21716,2.55
21717,2.55
21718,1.25
21719,0.85
21720,0.85
21721,0.85
21722,0.85
21723,0.85
21724,0.85
21725,0.85
21726,0.85
21730,4.95
21731,1.65
21733,2.95
21735,12.75
21736,0.39
21738,2.95
21739,2.95
21741,2.95
21742,5.95
21743,2.95
21744,2.95
21745,3.75
21746,1.25
21747,1.25
21749,2.1
21750,2.1
21754,6.25
21755,6.25
21756,5.45
21757,4.95
21758,5.95
21761,29.95
21763,20.0
21769,52.77
21770,4.95
21773,1.25
21774,1.25
21775,1.25
21777,7.95
21781,14.95
21784,9.95
21785,0.65
21786,0.42
21787,0.85
21788,0.85
21789,0.85
21790,0.85
21791,1.25
21792,3.95
21793,7.46
21794,3.95
21801,0.42
21802,0.42
21803,0.42
21804,3.75
21807,0.42
21808,1.25
21809,0.39
21810,0.39
21811,0.39
21812,4.95
21813,4.95
21814,1.45
21815,1.45
21816,1.45
21817,0.39
21818,0.39
21819,0.39
21820,3.75
21821,3.39
21822,0.79
21823,0.39
21824,0.39
21826,1.25
21827,1.25
21828,1.25
21829,0.21
21830,0.83
21832,1.65
21833,1.69
21836,3.75
21839,5.45
21841,4.25
21843,10.95
21844,2.95
21845,0.79
21846,4.95
21847,4.95
21849,4.95
21850,4.95
21851,4.95
21864,2.1
21865,2.1
21866,1.25
21867,1.25
21868,3.29
21870,1.25
21871,1.65
21872,1.25
21873,1.25
21874,1.45
21875,1.06
21876,1.65
21877,1.65
21878,0.85
21879,0.65
21880,0.65
21881,1.63
21882,0.65
21883,0.65
21884,0.65
21888,3.75
21889,1.25
21890,3.25
21891,1.45
21892,1.25
21894,1.25
21895,4.25
21896,2.1
21897,2.55
21898,3.15
21899,0.65
21900,0.65
21901,0.65
21902,0.65
21903,1.85
21904,2.1
21905,0.79
21906,6.75
21907,2.1
21908,2.1
21910,1.65
21911,1.65
21912,3.75
21913,3.75
21914,1.25
21915,1.25
21916,0.42
21917,0.42
21918,0.42
21922,7.95
21925,1.25
21926,1.25
21927,1.25
21928,2.08
21929,1.79
21930,2.08
21931,1.79
21932,1.65
21933,1.65
21934,1.65
21935,1.65
21936,2.95
21937,2.95
21942,0.39
21943,0.85
21944,0.39
21945,0.39
21946,0.39
21947,1.25
21948,2.46
21949,2.46
21955,7.08
21967,0.39
21972,1.45
21973,1.45
21974,1.45
21975,0.55
21976,0.55
21977,0.55
21980,0.39
21981,0.39
21982,0.39
21983,0.39
21984,0.39
21985,0.39
21986,0.39
21987,0.65
21988,0.85
21989,0.85
21990,1.25
21991,1.25
21992,1.25
21993,1.25
22021,1.65
22023,0.42
22024,0.42
22025,0.42
22026,0.42
22027,0.42
22028,0.42
22029,0.42
22030,0.42
22031,0.42
22032,0.42
22033,0.42
22034,0.42
22035,0.83
22037,0.42
22038,0.42
22039,0.42
22040,0.42
22041,2.55
22042,0.42
22043,0.42
22044,0.19
22045,0.42
22046,0.42
22047,0.42
22048,0.42
22049,0.19
22050,0.42
22051,0.42
22052,0.42
22053,1.25
22055,0.39
22057,0.39
22059,0.39
22060,3.95
22061,2.95
22062,0.83
22063,0.79
22064,0.39
22065,0.39
22066,0.39
22067,0.39
22068,0.39
22069,0.39
22070,3.75
22071,3.75
22072,1.25
22073,3.75
22074,0.39
22075,0.39
22076,0.39
22077,1.95
22078,2.1
22079,1.65
22080,1.65
22081,1.65
22082,1.65
22083,2.95
22084,2.95
22085,2.95
22086,2.95
22087,2.95
22088,2.95
22089,2.95
22090,2.95
22091,0.39
22092,0.39
22093,0.39
22094,0.39
22095,0.39
22096,0.39
22097,0.39
22098,0.39
22099,0.39
22100,0.39
22101,2.1
22102,1.65
22103,0.39
22104,1.45
22105,0.95
22106,6.75
22107,1.25
22108,1.25
22109,3.75
22110,2.55
22111,4.95
22112,4.95
22113,4.25
22114,4.25
22115,0.79
22116,0.79
22117,2.95
22118,1.25
22119,1.95
22120,9.95
22121,5.95
22123,0.79
22124,0.79
22125,5.95
22127,1.25
22128,1.25
22129,2.46
22130,0.85
22131,1.95
22132,0.85
22133,0.85
22134,0.36
22135,0.42
22136,1.65
22137,2.95
22138,4.95
22139,4.95
22141,2.1
22142,1.45
22144,2.1
22145,2.1
22146,1.95
22147,1.45
22148,1.95
22149,1.85
22150,1.65
22151,0.42
22152,0.42
22153,0.42
22154,0.42
22155,0.42
22156,0.85
22157,0.85
22158,2.95
22161,0.19
22162,2.95
22163,0.79
22164,2.95
22165,3.95
22166,2.95
22167,9.95
22168,8.5
22169,8.5
22170,6.75
22171,8.5
22173,3.29
22174,1.65
22175,2.95
22176,2.95
22178,1.95
22179,5.95
22180,9.95
22181,0.85
22182,1.25
22183,6.75
22184,8.5
22185,0.79
22186,2.95
22187,1.95
22188,2.31
22189,3.39
22190,0.39
22191,8.5
22192,8.5
22193,8.5
22194,8.5
22195,1.65
22196,0.85
22197,0.85
22198,1.65
22199,1.25
22200,1.25
22201,1.25
22202,3.75
22203,1.25
22204,1.25
22207,4.25
22208,0.83
22209,0.83
22210,0.83
22211,0.83
22212,2.1
22214,0.79
22215,2.95
22216,0.29
22217,0.39
22218,4.25
22219,0.85
22220,2.95
22221,2.95
22222,4.95
22223,4.95
22224,2.95
22227,0.65
22228,0.39
22229,0.39
22230,0.29
22231,0.59
22232,0.59
22233,0.59
22236,12.75
22241,1.25
22242,1.65
22243,1.65
22244,1.95
22245,0.85
22246,1.95
22247,0.85
22248,0.85
22249,0.85
22250,0.85
22251,1.25
22252,1.25
22254,1.25
22255,0.85
22256,1.25
22257,1.25
22258,1.25
22259,1.25
22260,0.85
22261,1.63
22262,0.85
22263,1.63
22264,0.85
22265,0.65
22266,0.19
22267,0.39
22268,0.19
22269,0.39
22270,3.75
22271,2.95
22272,2.95
22273,2.95
22274,2.95
22275,7.65
22276,2.55
22277,2.1
22278,4.95
22279,1.25
22280,1.25
22281,5.95
22282,12.75
22283,7.95
22284,1.65
22285,1.65
22286,0.39
22287,0.39
22288,1.25
22289,1.25
22291,1.45
22292,1.45
22293,1.45
22294,1.25
22295,1.65
22296,1.65
22297,1.25
22299,0.39
22300,2.55
22301,2.55
22302,2.55
22303,2.55
22304,2.1
22305,2.55
22306,1.06
22307,1.06
22308,2.55
22309,2.55
22310,1.65
22311,2.55
22312,2.95
22313,1.25
22314,1.25
22315,1.25
22316,1.25
22317,5.79
22318,2.95
22319,0.19
22320,5.95
22321,0.85
22322,0.85
22323,1.95
22324,4.13
22325,4.95
22326,2.95
22327,2.95
22328,2.95
22329,1.65
22331,1.65
22332,1.65
22333,1.65
22334,1.65
22335,0.65
22336,0.19
22337,0.65
22338,0.19
22339,0.19
22340,0.39
22341,3.29
22342,0.75
22343,0.19
22344,0.19
22345,0.19
22346,0.19
22348,0.85
22349,3.75
22350,2.55
22351,1.65
22352,2.55
22353,2.55
22354,3.75
22355,0.85
22356,0.85
22357,4.25
22358,2.95
22359,2.95
22360,2.95
22361,2.95
22362,2.95
22363,2.95
22364,2.95
22365,8.25
22366,8.25
22367,1.95
22371,3.95
22372,4.25
22374,4.25
22375,4.25
22376,4.25
22377,2.1
22378,4.13
22379,2.1
22380,0.79
22381,4.13
22382,1.65
22383,1.65
22384,1.65
22385,2.08
22386,1.79
22389,0.39
22390,0.39
22391,0.39
22393,0.39
22394,0.39
22395,0.39
22396,0.39
22398,0.39
22399,1.25
22400,0.39
22402,0.39
22403,0.39
22405,0.39
22406,0.39
22407,0.39
22408,0.39
22409,1.25
22410,0.39
22411,1.79
22412,2.1
22413,2.95
22414,3.95
22415,7.95
22416,1.45
22417,0.55
22418,0.85
22419,0.42
22420,0.42
22421,0.42
22422,0.12
22423,12.75
22424,12.75
22425,4.95
22426,3.75
22427,5.45
22428,6.95
22429,4.25
22430,4.95
22431,1.95
22432,1.95
22433,1.95
22434,1.95
22435,1.25
22436,0.65
22437,0.85
22438,0.39
22439,0.65
22440,0.42
22441,2.1
22442,1.95
22443,7.95
22444,1.25
22445,2.95
22446,1.25
22447,1.25
22448,1.25
22449,3.35
22450,3.35
22451,3.35
22452,2.95
22453,2.95
22454,2.95
22456,4.95
22457,2.95
22458,2.69
22459,2.1
22460,1.25
22461,3.95
22464,0.79
22465,0.79
22466,1.95
22467,2.55
22468,6.75
22469,1.65
22470,2.95
22471,1.95
22472,1.95
22473,1.95
22474,1.95
22475,1.95
22476,1.95
22477,1.25
22478,1.25
22479,1.25
22480,1.25
22481,0.39
22482,1.25
22483,2.55
22485,10.95
22486,3.95
22487,9.95
22488,1.65
22489,0.42
22491,0.85
22492,0.65
22493,1.65
22494,1.25
22495,0.79
22496,0.79
22497,4.25
22498,5.95
22499,5.95
22500,1.25
22501,9.95
22502,2.0
22503,29.95
22504,29.95
22505,4.95
22507,4.95
22508,3.75
22509,3.95
22510,0.79
22511,0.79
22512,0.79
22513,0.79
22514,2.1
22515,2.1
22516,2.1
22517,2.1
22518,2.1
22519,2.1
22520,0.85
22521,0.85
22522,0.85
22523,0.85
22524,1.25
22525,1.25
22526,12.75
22529,0.42
22530,0.42
22531,0.42
22532,0.42
22533,0.42
22534,0.42
22535,0.42
22536,0.42
22537,0.42
22538,0.19
22539,0.19
22540,0.19
22541,0.83
22543,0.19
22544,0.19
22545,0.19
22546,0.19
22547,0.19
22548,1.25
22549,1.45
22550,3.75
22551,1.65
22553,1.65
22554,1.65
22555,1.65
22556,1.65
22557,1.65
22558,1.65
22559,2.46
22560,1.25
22561,1.65
22562,1.25
22563,1.25
22564,1.25
22565,1.63
22566,0.85
22567,1.45
22568,3.75
22569,3.75
22570,3.39
22571,0.85
22572,0.85
22573,0.85
22574,0.85
22575,1.95
22576,0.85
22577,0.29
22578,0.29
22579,1.63
22580,11.63
22581,0.29
22582,2.55
22583,2.55
22584,2.55
22585,1.25
22586,0.85
22587,0.85
22588,2.89
22589,4.96
22591,6.63
22592,3.75
22593,0.85
22594,0.85
22595,0.85
22596,0.39
22597,0.29
22598,0.29
22599,0.29
22600,0.85
22601,0.85
22602,0.85
22603,0.85
22604,2.55
22605,14.95
22606,15.95
22607,9.95
22608,0.19
22609,1.63
22610,0.19
22611,4.95
22613,0.85
22614,0.39
22615,0.39
22616,0.39
22617,4.95
22618,9.95
22619,3.75
22620,1.45
22621,1.65
22622,11.95
22623,5.95
22624,8.5
22625,8.5
22626,8.5
22627,8.5
22628,4.95
22629,1.95
22630,1.95
22631,1.95
22632,2.1
22633,2.1
22634,9.95
22635,9.95
22636,8.5
22637,2.55
22638,0.79
22639,0.79
22640,0.79
22641,0.79
22642,0.79
22643,0.79
22644,0.39
22645,0.39
22646,0.39
22647,0.39
22649,4.95
22650,1.45
22651,0.85
22652,1.65
22653,1.95
22654,5.95
22655,125.0
22656,50.0
22659,1.95
22660,7.08
22661,0.85
22662,1.65
22663,2.08
22664,0.79
22665,2.95
22666,2.55
22667,2.55
22668,2.95
22669,2.95
22670,1.25
22671,1.65
22672,1.65
22673,1.25
22674,1.25
22675,1.25
22676,1.25
22677,1.25
22678,1.25
22679,1.25
22680,1.19
22681,2.46
22682,1.25
22683,1.19
22684,1.19
22685,1.19
22686,1.25
22687,16.63
22688,8.25
22689,16.63
22690,8.25
22691,8.25
22692,8.25
22693,1.06
22694,2.1
22695,0.59
22696,1.95
22697,2.95
22698,2.95
22699,2.95
22700,2.95
22701,0.79
22702,2.1
22703,0.59
22704,0.42
22705,0.42
22706,0.42
22707,0.42
22708,0.42
22709,0.42
22710,0.42
22711,0.42
22712,0.42
22713,0.42
22714,0.42
22715,0.42
22716,0.42
22717,0.42
22718,0.42
22719,1.25
22720,4.25
22721,1.95
22722,3.95
22723,1.25
22725,3.75
22726,3.75
22727,3.75
22728,3.75
22729,3.75
22730,3.75
22731,1.25
22732,1.25
22733,1.25
22734,2.89
22735,3.29
22736,1.65
22737,1.65
22738,1.65
22739,1.65
22740,0.85
22741,0.85
22742,0.79
22743,0.79
22744,0.79
22745,2.1
22746,2.1
22747,2.1
22748,2.1
22749,3.75
22750,3.75
22751,3.75
22752,3.95
22753,0.21
22754,0.21
22755,0.21
22756,0.39
22757,0.39
22758,0.39
22759,1.65
22760,10.95
22761,24.95
22762,14.95
22763,9.95
22764,24.95
22765,9.89
22766,2.95
22767,9.95
22768,9.95
22769,24.95
22770,14.95
22771,1.25
22772,1.25
22773,1.25
22774,1.25
22775,1.25
22776,9.95
22777,7.65
22778,3.95
22779,4.25
22780,4.25
22781,14.96
22782,24.95
22783,12.48
22784,4.95
22785,1.25
22786,1.25
22788,9.95
22789,1.95
22791,1.25
22792,0.72
22794,7.95
22795,6.75
22796,9.95
22797,16.95
22798,2.95
22799,2.95
22800,3.75
22801,3.39
22802,7.95
22803,39.95
22804,2.95
22805,1.25
22806,1.25
22807,1.25
22808,1.25
22809,2.95
22810,2.95
22811,1.25
22812,1.95
22813,1.95
22814,0.42
22815,0.42
22816,0.42
22817,0.42
22818,0.42
22819,0.42
22820,0.65
22821,0.65
22822,5.95
22823,110.0
22824,35.95
22825,7.95
22826,85.0
22827,165.0
22828,145.0
22829,9.95
22830,10.0
22831,2.95
22832,10.75
22833,49.95
22834,2.1
22835,4.95
22837,4.65
22838,14.95
22839,14.95
22840,7.95
22841,7.95
22842,6.75
22843,6.75
22844,8.5
22845,6.35
22846,16.95
22847,16.95
22848,10.0
22849,16.95
22851,0.85
22852,4.25
22853,3.25
22854,4.95
22855,1.25
22856,1.25
22857,0.85
22858,1.65
22859,1.65
22860,1.65
22861,1.65
22862,4.25
22863,2.95
22865,2.1
22866,2.1
22867,2.1
22868,1.95
22869,1.95
22870,1.95
22871,1.95
22872,1.95
22873,1.95
22874,1.95
22875,1.95
22876,1.95
22877,1.95
22878,2.1
22879,1.95
22880,1.95
22881,1.95
22882,1.95
22883,1.95
22884,1.95
22885,1.95
22886,1.95
22887,1.95
22888,1.95
22889,2.1
22890,9.95
22891,4.25
22892,1.25
22893,0.42
22894,9.95
22895,3.25
22896,2.55
22897,1.45
22898,1.95
22899,2.1
22900,3.25
22902,2.1
22903,1.25
22904,2.95
22905,1.25
22906,1.65
22907,0.85
22908,0.85
22909,0.85
22910,2.95
22911,2.95
22912,4.95
22913,4.95
22914,4.95
22915,0.19
22916,0.65
22917,0.65
22918,0.65
22919,0.65
22920,0.65
22921,0.65
22922,0.85
22923,0.85
22924,0.85
22925,5.95
22926,5.95
22927,5.95
22928,5.95
22929,65.0
22930,2.55
22931,2.55
22932,2.55
22933,2.95
22934,2.95
22935,3.25
22936,3.25
22937,2.55
22938,1.95
22939,4.25
22940,4.25
22941,8.5
22942,2.95
22943,10.79
22944,1.25
22945,1.8
22946,16.95
22947,7.95
22948,0.85
22949,1.45
22950,1.45
22951,0.55
22952,0.55
22953,1.25
22954,1.25
22955,0.79
22956,0.79
22957,2.95
22959,0.42
22960,4.25
22961,1.45
22962,0.85
22963,0.85
22964,2.1
22965,2.1
22966,1.25
22967,2.95
22968,8.5
22969,1.45
22970,2.55
22971,2.55
22972,1.65
22973,1.45
22974,1.65
22975,1.25
22976,1.25
22977,2.46
22978,3.75
22979,1.45
22980,1.65
22981,1.45
22982,1.25
22983,0.42
22984,0.42
22985,0.42
22986,0.42
22987,0.42
22988,1.25
22989,3.25
22990,1.95
22991,1.95
22992,1.95
22993,1.25
22994,0.42
22995,0.42
22996,0.42
22997,0.42
22998,0.42
22999,0.42
23000,0.42
23002,0.42
23003,0.42
23004,0.42
23005,0.42
23006,0.42
23007,16.95
23008,16.95
23009,16.95
23010,16.95
23012,3.95
23013,3.95
23014,3.95
23015,8.25
23016,7.85
23017,12.5
23018,12.5
23019,8.25
23020,12.5
23021,4.15
23022,2.08
23023,1.65
23024,2.49
23025,2.08
23026,2.08
23027,2.08
23028,1.65
23029,1.65
23031,1.65
23032,1.65
23033,1.45
23034,1.45
23035,1.45
23036,1.25
23037,1.65
23038,1.63
23039,1.95
23040,5.75
23041,4.15
23042,6.65
23043,6.25
23044,4.15
23045,4.15
23046,6.65
23047,5.75
23048,4.15
23049,8.25
23050,8.25
23051,8.25
23052,8.25
23053,8.25
23054,8.25
23055,1.0
23056,12.46
23057,4.95
23058,0.79
23060,2.08
23061,1.25
23064,10.0
23065,12.5
23066,8.25
23067,4.15
23068,2.49
23069,6.25
23070,4.15
23071,1.0
23072,1.0
23073,12.5
23074,2.08
23075,4.15
23076,1.25
23077,1.25
23078,1.25
23079,8.95
23080,8.25
23081,8.25
23082,3.75
23083,3.75
23084,2.08
23085,10.4
23086,1.25
23087,1.25
23088,1.25
23089,1.65
23090,0.83
23091,6.25
23092,7.9
23093,2.49
23094,12.5
23096,3.29
23099,6.65
23100,1.25
23101,0.83
23102,0.83
23103,1.65
23104,12.5
23106,0.79
23107,0.79
23108,5.39
23109,2.89
23110,5.75
23111,12.5
23112,6.65
23113,4.95
23114,4.95
23115,4.95
23116,4.95
23117,4.95
23118,6.65
23119,1.25
23120,0.42
23121,0.42
23122,0.83
23123,0.83
23124,1.25
23125,1.25
23126,4.95
23127,4.95
23128,4.95
23129,8.29
23130,4.15
23131,4.15
23132,5.75
23133,7.05
23134,8.25
23135,3.32
23136,3.75
23137,1.25
23138,1.45
23139,0.39
23140,4.15
23141,0.79
23142,10.4
23143,3.95
23144,0.83
23145,0.95
23146,3.29
23147,1.45
23148,0.83
23149,2.49
23150,2.49
23151,0.79
23152,3.75
23153,3.75
23154,1.85
23155,0.83
23156,2.08
23157,1.85
23158,2.08
23159,2.08
23160,1.25
23161,1.25
23162,7.46
23163,2.49
23164,4.95
23165,1.45
23166,1.04
23167,0.69
23168,1.04
23169,4.15
23170,1.65
23171,1.65
23172,1.65
23173,9.95
23174,4.15
23175,3.25
23176,2.25
23177,1.95
23178,1.25
23179,1.25
23180,1.65
23181,7.5
23182,0.83
23183,3.75
23184,4.95
23185,0.29
23186,0.29
23187,0.29
23188,1.65
23189,2.89
23190,1.65
23191,1.65
23192,1.65
23193,2.25
23194,2.25
23196,1.45
23197,1.45
23198,1.25
23199,1.79
23200,2.08
23201,1.79
23202,2.08
23203,2.08
23204,0.85
23205,0.85
23206,1.65
23207,1.65
23208,1.65
23209,1.65
23210,1.25
23211,1.25
23212,1.25
23213,1.25
23214,2.08
23215,2.08
23216,1.25
23217,1.25
23218,1.25
23219,1.25
23220,0.83
23221,0.83
23222,0.83
23223,0.83
23224,0.83
23225,1.63
23226,1.25
23227,1.25
23228,1.25
23229,3.75
23230,0.42
23231,0.42
23232,0.42
23233,0.42
23234,2.89
23235,1.25
23236,2.89
23237,4.15
23238,4.15
23239,1.65
23240,4.15
23241,2.08
23242,2.08
23243,4.95
23244,1.95
23245,4.95
23247,2.89
23249,1.65
23250,1.25
23251,1.04
23252,3.75
23253,15.95
23254,4.15
23255,4.15
23256,4.15
23263,1.25
23264,1.25
23265,1.25
23266,1.25
23267,1.25
23268,1.45
23269,1.45
23270,1.45
23271,0.83
23272,0.39
23273,1.65
23274,1.65
23275,1.25
23280,0.83
23281,0.83
23282,2.46
23283,8.25
23284,7.08
23285,0.85
23286,0.85
23287,0.85
23288,0.85
23289,1.25
23290,1.25
23291,1.25
23292,1.25
23293,0.83
23294,0.83
23295,0.83
23296,1.25
23297,1.65
23298,4.95
23299,3.75
23300,1.45
23301,1.65
23302,0.79
23303,1.95
23304,1.95
23305,1.95
23306,1.45
23307,0.55
23308,0.55
23309,0.55
23310,0.42
23311,2.55
23312,4.15
23313,4.95
23314,12.5
23315,9.95
23316,9.95
23317,9.95
23318,2.49
23319,2.49
23320,1.25
23321,1.65
23322,2.95
23323,2.1
23324,2.08
23325,1.65
23326,0.63
23327,0.63
23328,3.75
23329,1.65
23330,1.25
23331,0.63
23332,1.65
23333,1.25
23334,0.63
23335,2.08
23336,2.08
23337,2.08
23338,2.08
23339,2.08
23340,1.65
23341,8.5
23342,8.5
23343,1.79
23344,1.79
23345,1.25
23346,1.25
23347,1.25
23348,2.08
23349,1.25
23350,1.25
23351,1.25
23352,1.25
23353,0.83
23354,0.83
23355,4.95
23356,5.95
23357,1.65
23358,1.25
23359,1.95
23360,1.95
23365,0.65
23366,0.65
23367,0.65
23368,0.65
23369,1.25
23370,1.25
23371,1.25
23372,1.25
23373,0.82
23374,0.82
23375,0.82
23376,0.39
23377,0.39
23378,0.39
23379,0.39
23380,0.39
23381,0.39
23382,3.75
23388,4.15
23389,4.15
23390,4.15
23391,4.15
23392,2.08
23393,3.75
23394,3.75
23395,3.75
23396,3.75
23397,9.95
23398,0.85
23399,0.85
23400,6.25
23401,4.15
23402,3.75
23403,3.75
23404,3.26
23405,4.95
23406,6.25
23407,9.95
23408,2.08
23409,3.75
23410,8.15
23411,4.95
23412,7.5
23413,4.95
23414,9.95
23415,0.39
23416,0.39
23417,0.39
23418,2.08
23419,2.08
23420,2.08
23421,2.08
23422,2.08
23423,3.75
23424,4.95
23425,0.79
23426,2.89
23427,12.5
23428,8.15
23429,8.15
23430,8.15
23431,0.83
23432,0.83
23433,0.83
23434,0.79
23435,0.79
23436,1.25
23437,1.25
23438,1.25
23439,2.1
23440,1.79
23441,0.42
23442,2.08
23445,0.83
23446,1.45
23447,1.45
23448,1.65
23449,1.25
23451,1.95
23452,1.95
23453,1.95
23454,4.15
23455,2.89
23456,4.15
23457,4.95
23458,14.95
23459,12.5
23460,9.95
23461,4.15
23462,19.95
23463,9.95
23464,4.95
23465,8.25
23466,8.25
23467,3.29
23468,8.25
23469,4.15
23470,6.25
23471,9.95
23472,14.95
23473,0.83
23474,0.83
23475,0.83
23476,1.25
23477,1.25
23478,1.25
23479,7.85
23480,3.75
23481,1.25
23482,1.65
23483,1.25
23484,2.89
23485,25.0
23486,16.65
23487,9.95
23489,2.89
23490,3.75
23491,8.25
23492,8.25
23493,1.95
23494,5.95
23495,1.25
23496,1.25
23497,1.45
23498,1.45
23499,0.42
23500,1.25
23501,1.25
23502,1.25
23503,1.25
23504,1.25
23505,1.25
23506,0.42
23507,0.42
23508,0.42
23509,0.42
23510,0.42
23511,2.08
23512,2.08
23513,2.08
23514,2.08
23515,2.08
23516,3.75
23517,2.89
23518,2.89
23519,3.75
23520,3.75
23521,1.25
23522,1.25
23523,3.75
23524,3.75
23525,3.75
23526,3.9
23527,3.75
23528,3.75
23529,3.75
23530,4.95
23531,4.76
23532,1.95
23533,1.95
23534,5.95
23535,5.95
23536,5.95
23537,4.95
23538,4.95
23539,5.95
23540,2.55
23541,8.25
23542,6.67
23543,4.15
23544,3.95
23545,0.42
23546,0.42
23547,0.42
23548,0.42
23549,0.42
23550,0.42
23551,0.39
23552,2.08
23553,10.95
23554,12.5
23555,12.5
23556,12.5
23557,12.5
23558,12.5
23559,2.08
23560,2.89
23561,2.89
23562,2.89
23564,1.25
23565,1.25
23566,1.04
23567,1.25
23568,1.04
23569,4.95
23570,1.25
23571,1.65
23574,7.5
23575,1.95
23576,1.95
23578,1.95
23579,1.95
23580,1.95
23581,1.79
23582,2.08
23583,1.65
23597,2.95
23598,2.95
23630,2.99
23660,1.65
23661,1.65
23664,1.65
23681,1.65
23691,0.42
23692,0.42
23694,0.42
23695,0.42
23697,0.42
23843,2.08
35001G,1.25
35001W,2.0
35004B,5.45
35004C,5.45
35004G,1.95
35004P,5.45
35095A,0.42
35095B,0.42
35241,4.25
35265,1.95
35271S,0.19
35400,8.95
35443,0.85
35471D,0.39
35591T,1.25
35597A,1.25
35597B,1.25
35597D,0.38
35598A,2.95
35598B,0.65
35598C,2.95
35598D,0.65
35599B,1.95
35599D,2.95
35607A,0.19
35607B,0.19
35610A,1.25
35610B,1.25
35610C,1.25
35637A,1.95
35637C,1.95
35638A,1.95
35638B,1.95
35645,4.25
35646,1.25
35647,1.25
35648,0.83
35649,2.46
35650,4.95
35651,1.65
35653,2.95
35809A,0.83
35809B,2.1
35810A,0.83
35810B,0.83
35815P,0.38
35816P,0.38
35817P,0.38
35818B,0.38
35818P,0.38
35819B,0.38
35819P,0.38
35833P,1.25
35909A,2.95
35909B,2.95
35910A,1.95
35910B,1.95
35911A,0.85
35911B,2.1
35912B,1.25
35913B,0.85
35914,0.85
35915B,1.65
35915C,1.65
35916A,0.85
35916B,0.85
35916C,0.85
35920,1.25
35921,1.25
35922,4.95
35923,0.39
35924,2.1
35933,0.38
35953,0.39
35954,0.19
35957,0.19
35958,0.85
35961,0.85
35964,0.39
35965,0.79
35966,0.38
35967,0.39
35968,0.2
35970,1.69
35971,1.25
35972,1.25
37327,0.39
37330,0.39
37333,1.95
37340,0.39
37342,0.79
37343,0.39
37351,0.39
37370,1.65
37379A,1.25
37413,0.39
37423,0.39
37444A,0.39
37444B,2.95
37444C,0.39
37446,1.45
37447,1.49
37448,1.49
37449,9.95
37450,2.95
37461,1.25
37462E,0.19
37464,1.25
37467,0.39
37468,0.39
37471,0.85
37475,9.95
37476,9.95
37479B,0.39
37479P,0.39
37482P,0.39
37487B,0.29
37488A,0.39
37489A,0.39
37489B,0.39
37489C,0.39
37489D,0.39
37491B,1.65
37491C,1.65
37491D,1.65
37495,3.75
37500,4.95
37501,6.95
37509,2.55
40001,0.85
40003,1.25
40005B,0.85
40016,8.29
40046A,1.25
44089A,0.42
44089C,0.42
44091A,0.42
44092B,0.85
44092C,0.85
44228,0.85
44234,0.21
44235,0.42
44236,0.79
44242A,0.79
44242B,0.79
44265,4.25
45013,2.95
46000M,1.55
46000P,4.25
46000R,1.45
46000S,1.45
46000U,1.25
46115B,0.19
46118,0.85
46126A,1.25
46138B,0.85
46775D,16.95
46776A,4.95
46776B,4.95
46776C,4.95
46776D,4.95
46776E,4.95
46776F,4.95
47013A,0.12
47013C,0.12
47016,2.1
47021G,0.39
47310M,1.25
47341A,1.25
47341B,1.25
47343A,0.83
47344B,0.83
47348A,0.39
47351B,2.95
47367B,3.75
47369A,2.95
47369B,5.79
47420,0.19
47421,0.42
47422,0.42
47469,0.65
47471,0.65
47480,1.45
47481,0.85
47503A,0.42
47503H,0.79
47503J,7.95
47504H,0.79
47504K,0.79
47518F,0.12
47556B,2.1
47559B,1.25
47563A,1.25
47566,4.95
47566B,4.95
47567B,12.46
47570B,8.49
47574A,0.75
47574B,4.25
47578A,0.85
47579,2.1
47580,2.55
47585A,3.75
47586A,2.55
47589,5.45
47590A,5.45
47590B,5.45
47591B,1.65
47591D,1.95
47593A,0.29
47593B,0.39
47594A,1.95
47594B,1.95
47599A,2.1
47599B,2.1
48111,7.08
48116,8.25
48129,8.25
48138,7.08
48173C,8.25
48184,8.25
48185,8.25
48187,8.25
48188,8.25
48194,8.25
51008,3.45
51014A,0.39
51014C,0.39
51014L,0.83
51020A,0.29
51020B,0.29
62018,1.95
62043B,0.83
62074B,0.42
62086A,1.95
62094B,2.55
62096A,1.25
62096B,1.25
62097B,0.83
70006,0.79
70007,0.79
71038,5.45
71050,0.35
71053,3.75
71101E,0.85
71143,0.85
71215,0.42
71270,1.25
71279,2.95
71403,2.95
71406C,0.42
71459,0.85
71477,3.95
71495A,0.36
71495B,0.36
71496A,0.53
71496B,0.53
71510,0.85
72024U,0.21
72051S,0.42
72122,0.95
72127,1.25
72128,0.85
72130,0.65
72131,1.95
72132,1.95
72133,1.25
72134,0.85
72140E,0.85
72225C,0.29
72232,0.19
72349B,2.1
72351A,2.1
72351B,2.1
72369A,1.25
72586,0.42
72598,0.85
72709,0.85
72741,1.45
72760B,9.95
72780,0.85
72783,2.1
72798C,1.65
72799C,0.79
72799E,0.79
72799F,2.95
72800B,0.79
72800C,0.79
72800D,2.55
72800E,0.79
72801C,1.25
72801D,1.25
72801G,1.25
72802A,3.81
72802B,1.0
72802C,4.25
72803A,4.25
72807A,3.81
72807B,3.81
72807C,3.81
72811,1.49
72812,4.13
72815,3.75
72816,2.46
72817,1.63
72818,1.63
72819,1.25
72821,1.65
75011,0.79
75013B,1.65
75049L,1.25
75131,1.69
75172,0.79
75178,1.25
77079,2.12
77101A,1.25
78033,5.95
78034B,1.95
78124,1.25
79000,0.85
79026B,0.39
79030D,0.39
79030G,0.39
79051A,0.29
79062D,0.29
79063C,0.19
79063D,0.19
79066K,0.85
79067,3.75
79071B,2.95
79144B,0.42
79144C,0.37
79149B,0.42
79151B,0.42
79157B,0.85
79157V,0.85
79160,2.1
79161A,2.95
79163,0.39
79164,0.39
79190A,0.42
79190B,0.42
79190D,0.42
79191B,0.85
79191C,0.85
79191D,0.85
79192A,1.25
79302M,2.95
79321,5.75
79323B,6.75
79323P,6.75
79329,0.38
79331,0.38
79336,0.38
79337,0.38
79403,0.85
79406,0.22
81950B,0.29
81950V,0.29
81952B,0.19
81952V,0.19
81953B,0.19
81953P,0.19
82001S,3.75
82011A,3.75
82011B,2.95
82011C,2.95
82095,7.65
82482,2.95
82483,6.95
82484,4.8
82486,8.95
82494L,2.95
82551,1.45
82552,2.46
82567,2.1
82578,0.55
82580,0.55
82581,0.55
82582,2.1
82583,2.1
82599,2.1
82600,1.85
82605,2.1
82613A,1.25
82613B,1.25
82613C,1.25
82613D,1.25
82615,2.55
82616B,1.25
82616C,1.25
84006,0.85
84012,0.85
84016,0.42
84029E,4.25
84029G,4.25
84030E,4.25
84031A,1.25
84031B,1.25
84032A,0.79
84032B,0.79
84033,1.65
84050,1.25
84051,0.85
84077,0.29
84078A,39.95
84086B,2.95
84086C,2.95
84192,1.25
84199,0.21
84201B,0.19
84201C,0.19
84206A,0.19
84206B,0.19
84206C,0.19
84212,0.65
84218,1.95
84226,0.64
84227,0.42
84228,0.42
84231,0.65
84247E,2.95
84247G,0.42
84247K,2.95
84247L,0.42
84247N,2.95
84249A,0.83
84251B,0.19
84251C,0.19
84251G,0.19
84279B,3.75
84279P,3.75
84306,10.95
84313B,1.95
84313C,1.95
84341B,0.38
84347,2.55
84352,16.95
84356,1.95
84358,8.49
84360,5.95
84375,2.1
84378,1.45
84380,1.45
84387A,1.95
84388,0.39
84402B,0.79
84406B,4.15
84415A,1.25
84415B,1.25
84422,0.39
84429A,2.95
84452,0.85
84457,0.85
84459A,1.49
84459B,1.49
84461,2.55
84462,1.25
84465,2.95
84466,1.25
84497,3.75
84499,0.85
84507B,2.55
84507C,2.55
84508A,2.1
84508B,2.55
84508C,2.55
84509A,3.75
84509B,3.75
84509C,3.75
84509E,0.79
84509G,1.25
84510A,1.25
84510C,1.25
84510E,0.21
84519A,1.25
84519B,1.25
84520B,0.85
84522,1.95
84527,1.95
84531A,0.39
84531B,0.39
84534B,0.85
84535A,0.65
84535B,0.65
84536A,0.42
84536B,0.83
84539,1.65
84548,1.65
84549,1.65
84550,1.65
84551,1.65
84558A,2.95
84559A,1.63
84559B,0.85
84562A,7.95
84563A,2.95
84563B,2.95
84568,0.21
84569A,2.46
84569B,1.25
84569C,1.25
84569D,1.25
84575A,1.95
84576,1.95
84580,4.13
84581,3.75
84584,2.55
84592,2.95
84593,2.95
84595E,1.65
84596B,0.42
84596E,0.42
84596F,0.42
84596G,0.42
84596J,0.42
84596L,0.42
84597B,1.25
84597C,1.25
84598,0.21
84600,7.95
84609,8.5
84613A,4.65
84613C,4.65
84614A,5.95
84616,29.95
84617,12.75
84620,5.95
84625A,0.85
84625C,0.85
84629,4.95
84631,7.95
84632,59.95
84637,5.95
84638,6.95
84658,6.95
84659A,2.55
84660A,0.79
84660B,0.79
84660C,0.79
84661A,0.79
84661B,0.79
84661C,0.79
84663A,0.79
84665,5.95
84666,3.95
84673A,0.65
84673B,1.63
84674,2.95
84675,2.95
84678,2.55
84679,3.95
84683,0.65
84685,3.75
84686,0.79
84687,5.95
84688,4.25
84689,2.0
84691,0.72
84692,0.42
84705C,1.25
84706D,1.95
84706F,2.95
84707A,1.95
84707B,1.95
84708B,4.95
84709B,5.95
84711A,9.95
84711B,9.95
84712B,7.95
84715,2.95
84723,1.95
84725,0.75
84731,0.39
84732B,0.39
84732D,0.39
84741C,1.95
84743C,1.25
84744,1.25
84745A,0.42
84745B,0.42
84746,3.75
84748,3.75
84750A,1.95
84750B,0.39
84751B,0.79
84754,1.25
84755,0.65
84760S,1.45
84763,1.25
84766,5.95
84773,2.95
84789,2.95
84792,4.65
84795B,7.95
84795C,7.95
84796A,12.75
84796B,12.75
84798A,2.55
84798B,2.55
84799,1.25
84800L,2.12
84800M,1.69
84800S,1.25
84801A,2.1
84801B,2.1
84802A,1.69
84802B,1.69
84803B,1.69
84804A,0.79
84804B,0.79
84805A,1.25
84805B,1.25
84806A,0.39
84806B,0.39
84809A,2.1
84809B,2.1
84813,2.95
84816,39.95
84817,0.39
84818,0.79
84819,0.79
84820,0.79
84821,0.19
84823,7.95
84824,15.95
84826,0.19
84827,0.09
84828,1.25
84832,0.85
84836,1.25
84840,8.5
84842,3.75
84843,5.95
84846A,2.1
84847,3.75
84849A,1.69
84849B,1.69
84849D,1.69
84854,4.95
84857B,1.95
84857C,1.95
84858C,1.25
84859A,1.95
84859B,1.95
84859C,1.95
84865,2.95
84870B,3.75
84870C,3.75
84872A,16.95
84873A,16.95
84874B,1.65
84875B,1.25
84875D,1.25
84876B,1.25
84876D,1.25
84877A,1.25
84877B,1.25
84877D,1.25
84879,1.69
84880,7.5
84881,6.35
84882,3.75
84884A,1.95
84898F,2.1
84905,4.95
84906,1.95
84907,7.65
84910A,5.95
84912A,3.75
84912B,3.75
84913A,4.65
84913B,4.65
84915,4.13
84916,4.95
84917,5.95
84919,6.95
84920,3.75
84921,3.75
84922,4.25
84924A,3.75
84924F,0.79
84925D,2.55
84925F,0.79
84926A,0.29
84926D,0.29
84926E,0.29
84926F,0.29
84927A,0.39
84927D,0.39
84927E,0.39
84927F,0.39
84929,0.19
84931A,2.55
84931B,2.55
84944,1.65
84945,0.85
84946,1.25
84947,1.25
84949,1.45
84950,0.65
84951A,2.46
84951B,0.79
84952A,7.46
84952B,7.46
84952C,3.75
84963A,42.95
84963B,49.95
84968A,12.75
84968B,12.75
84968C,12.75
84968D,12.75
84968E,12.75
84968F,12.75
84969,4.25
84970L,1.25
84970S,0.85
84971S,0.39
84974,9.95
84975,1.69
84976,0.79
84978,1.25
84984A,4.65
84984B,4.65
84984D,4.65
84985A,1.45
84987,1.45
84988,1.45
84989A,0.55
84990,0.55
84991,0.55
84992,0.55
84993A,0.42
84993B,0.42
84997A,4.15
84997B,4.15
84997C,4.15
84997D,4.15
85006,0.85
85008,1.5
85014A,5.95
85014B,5.95
85015,0.65
85016,0.65
85017A,0.85
85017B,0.42
85017C,0.42
85018D,2.55
85019A,1.25
85019B,1.25
85019C,1.25
85020,2.1
85023B,2.55
85024B,1.65
85024C,1.65
85025B,1.65
85025C,1.45
85026B,0.85
85027L,1.95
85028L,1.95
85028S,1.95
85030,1.95
85031A,1.25
85031B,4.95
85031C,4.95
85032A,0.65
85032B,0.65
85032C,0.65
85032D,0.65
85034A,1.25
85034B,1.25
85034C,1.25
85035A,1.25
85035B,1.25
85035C,1.25
85036A,1.25
85036B,1.25
85036C,1.25
85038,1.85
85039A,1.65
85039B,1.65
85039C,1.63
85040A,1.65
85040B,1.65
85045,4.95
85047,6.35
85048,7.95
85049A,1.25
85049B,1.25
85049C,1.25
85049D,1.25
85049E,1.25
85049F,1.25
85049G,1.25
85049H,0.83
85053,2.1
85054,5.79
85055,2.95
85059,3.75
85061W,0.85
85062,1.65
85064,5.45
85066,12.75
85067,18.95
85071A,0.39
85071B,0.39
85071C,0.39
85071D,0.39
85078,1.63
85084,0.85
85086A,0.85
85087,2.95
85088,2.1
85089,2.95
85092,1.25
85093,0.39
85094,0.19
85095,4.13
85096,3.75
85099B,2.08
85099C,1.79
85099F,2.08
85103,5.95
85104,1.25
85106,2.55
85107,1.69
85109,0.85
85111,0.29
85114A,1.65
85114B,1.65
85114C,1.65
85116,0.65
85118,1.25
85123A,2.95
85124B,2.55
85124C,2.55
85125,4.95
85127,4.95
85129B,2.46
85129C,2.46
85129D,2.46
85130A,1.65
85130B,0.79
85130C,0.79
85130D,0.79
85131A,1.25
85131B,0.83
85131C,0.83
85131D,1.25
85132A,1.95
85132B,1.95
85132C,1.95
85135A,7.95
85135B,7.95
85135C,7.95
85136A,7.95
85136B,7.95
85136C,7.95
85141,3.95
85144,1.95
85145,3.95
85146,1.95
85150,2.55
85152,1.85
85159A,1.95
85159B,1.95
85160B,0.39
85161,18.95
85163A,10.95
85163B,10.95
85167B,1.25
85168B,8.29
85169A,1.25
85169B,1.25
85169C,1.25
85169D,1.25
85170A,2.1
85170B,2.1
85170C,2.1
85170D,4.13
85172,0.42
85173,0.79
85174,4.95
85175,0.42
85176,0.85
85177,1.63
85178,2.46
85179A,1.25
85179C,1.25
85180A,9.13
85180B,4.65
85183A,1.25
85183B,1.25
85184C,2.95
85185B,2.95
85185D,2.95
85186A,0.42
85186C,0.42
85187,1.65
85188A,0.85
85188B,0.85
85189,0.85
85194L,0.85
85194S,0.19
85195,2.1
85197,2.1
85198,0.85
85199L,0.65
85199S,0.42
85200,1.25
85202,0.42
85203,0.42
85204,0.12
85205B,2.55
85206A,1.65
85206B,1.65
85208,2.1
85211,0.79
85212,0.29
85213,0.29
85214,1.65
85215,0.65
85216,0.65
85224,2.1
85225,1.0
85227,0.85
85230A,0.29
85230B,0.29
85230E,0.29
85230F,0.29
85230G,0.29
85231B,0.85
85231G,0.85
85232A,4.95
85232B,4.95
85232D,4.95
90000A,5.95
90000B,5.95
90000D,5.95
90001A,4.25
90001B,4.25
90001C,4.25
90001D,4.25
90002D,3.75
90003B,3.75
90003C,3.75
90003D,3.75
90003E,3.75
90010A,8.95
90010B,8.95
90010E,8.95
90011A,2.95
90011B,2.95
90012A,2.95
90012B,2.95
90013A,3.75
90013C,3.75
90014A,2.95
90014B,2.95
90014C,2.95
90016A,4.25
90016B,8.5
90018A,4.25
90018B,4.25
90018C,4.25
90019A,4.95
90019B,4.95
90019C,4.95
90021,11.95
90022,3.75
90023,4.25
90024B,8.5
90024C,8.5
90024D,8.5
90024F,8.5
90025A,3.75
90025F,3.75
90026A,8.5
90026B,8.5
90026C,8.5
90026D,8.5
90027A,2.95
90027D,2.95
90028,8.5
90029,8.5
90030A,1.0
90030B,1.0
90030C,1.0
90031,1.0
90032,3.13
90033,2.55
90035A,10.75
90035C,10.75
90036A,7.95
90036B,7.95
90036C,7.95
90036D,7.95
90036E,7.95
90036F,7.95
90037B,2.55
90038A,3.75
90038B,3.75
90038C,3.75
90039A,3.75
90039B,3.75
90039C,3.75
90039D,3.75
90040A,3.5
90040B,3.5
90040C,3.5
90041,3.5
90042A,2.55
90043,9.96
90046,4.95
90048,4.95
90049,9.96
90050,6.95
90051,6.95
90054,2.55
90055,2.55
90057,1.25
90058A,0.38
90058B,0.38
90059A,1.65
90059B,1.65
90059C,1.65
90059D,1.65
90059E,1.65
90059F,1.65
90060B,5.95
90060D,5.95
90062,12.75
90063A,8.5
90063B,8.5
90064A,3.75
90064B,3.75
90065A,6.75
90065B,6.75
90067A,2.95
90069,7.5
90070,5.95
90071,1.25
90072,3.75
90073,4.95
90074,8.95
90076,2.55
90078,7.5
90079,4.95
90081A,4.95
90081C,4.95
90082A,6.35
90082B,6.35
90082D,6.35
90083,0.19
90084,0.85
90085,0.85
90086,0.19
90087,0.19
90089,0.19
90093,0.19
90094,2.55
90096,2.55
90098,2.55
90099,2.55
90100,2.55
90101,2.55
90102,0.85
90103,2.55
90104,0.85
90108,1.05
90114,2.55
90116,1.69
90118,2.55
90119,2.46
90120B,4.25
90120C,4.25
90120D,4.25
90122A,4.95
90122B,4.95
90122C,4.95
90123A,5.95
90123B,5.95
90123C,5.95
90123D,5.95
90124A,9.95
90124B,9.95
90124C,9.95
90125A,2.1
90125B,2.1
90125C,2.1
90125D,2.1
90125E,2.1
90128B,1.25
90129A,2.95
90129B,2.95
90129C,2.95
90129D,2.95
90129E,2.95
90129F,2.95
90130A,2.95
90130B,2.95
90131,6.95
90133,4.95
90135,4.95
90136,9.95
90138,4.95
90141A,4.95
90141B,4.95
90141C,4.95
90141D,4.95
90141E,4.95
90142D,4.95
90143,7.5
90144,3.75
90145,5.95
90146,3.75
90147,9.95
90148,12.75
90149,6.36
90151,8.5
90152A,5.95
90152B,5.95
90152C,5.95
90154,8.95
90155,7.5
90156,4.95
90157,4.95
90158,4.95
90159,4.95
90160A,6.95
90160B,6.95
90160C,6.95
90160D,6.95
90161A,4.95
90161B,4.95
90161C,4.95
90161D,4.95
90162A,2.95
90162B,2.95
90162C,2.95
90162D,2.95
90163A,7.5
90163B,7.5
90164A,1.95
90164B,1.95
90165B,2.55
90166,4.15
90167,0.85
90168,2.95
90169,2.55
90170,1.65
90173,3.75
90174,2.55
90175A,8.95
90175C,8.95
90175D,8.95
90176A,7.5
90176B,7.5
90176C,7.5
90176D,7.5
90176E,7.5
90177A,2.95
90177B,2.95
90177C,2.95
90177D,2.95
90177E,2.95
90178A,11.95
90178B,11.95
90179A,5.95
90179C,5.95
90180A,2.95
90180B,9.95
90181A,8.95
90182C,2.95
90183A,2.95
90183C,2.95
90184A,8.95
90184B,8.95
90184C,8.95
90185A,4.25
90185B,4.25
90185C,4.25
90185D,4.25
90186A,2.95
90186B,2.95
90187B,3.35
90188,2.55
90189A,7.5
90190A,2.95
90190B,2.95
90190C,2.95
90191,2.95
90192,4.95
90194,4.25
90195A,2.95
90195B,2.95
90196A,12.75
90196B,12.75
90197B,4.95
90198A,4.25
90198B,4.25
90199A,6.35
90199B,6.35
90199C,6.35
90199D,6.35
90200A,4.25
90200B,4.25
90200C,4.25
90200D,4.25
90200E,4.25
90201A,2.95
90201B,2.95
90201C,2.95
90201D,2.95
90202A,2.95
90202B,2.95
90202C,2.95
90202D,2.95
90204,3.35
90205A,1.65
90205C,1.65
90206A,4.95
90206C,4.95
90208,2.55
90209A,2.1
90209B,2.1
90209C,2.1
90210A,2.95
90210B,1.0
90210C,1.0
90210D,1.0
90211A,5.95
90211B,5.95
90212B,3.75
90212C,3.75
90214A,0.29
90214B,0.29
90214C,0.29
90214D,0.29
90214E,0.29
90214F,0.29
90214G,0.29
90214H,0.29
90214I,0.29
90214J,0.29
90214K,0.29
90214L,0.29
90214M,0.29
90214N,0.29
90214O,0.29
90214P,0.29
90214R,0.29
90214S,0.29
90214T,0.29
90214U,0.29
90214V,0.29
90214W,0.29
90214Y,0.29
90214Z,0.29
